{
  "H": 256,
  "W": 256,
  "ae_ch": 32,
  "patch": 2,
  "gh": 16,
  "gw": 16,
  "moments_std": 1.7772995233535767,
  "mean_std": 1.3955048322677612,
  "latents_std": 0.8321903944015503,
  "img_seed": 7
}