{
 "T": 9,
 "H": 64,
 "W": 64,
 "lat_shape": [
  1,
  128,
  2,
  2,
  2
 ],
 "raw_mean": 0.019375912845134735,
 "raw_std": 0.14319346845149994,
 "norm_mean": 0.10454113781452179,
 "norm_std": 0.7508370876312256,
 "video_mean": 0.0022325897589325905,
 "video_std": 0.5774104595184326
}