{
  "H": 64,
  "W": 64,
  "img_shape": [
    1,
    3,
    64,
    64
  ],
  "mu_shape": [
    1,
    48,
    1,
    4,
    4
  ],
  "mu_mean": -0.03473363444209099,
  "mu_std": 0.8410173654556274,
  "mu_absmean": 0.6939733624458313
}