{
  "H": 64,
  "W": 64,
  "T": 17,
  "img_shape": [
    1,
    3,
    17,
    64,
    64
  ],
  "mu_shape": [
    1,
    48,
    5,
    4,
    4
  ],
  "mu_mean": -0.035114433616399765,
  "mu_std": 0.9349331855773926,
  "mu_absmean": 0.7506906986236572
}