{
  "H": 256,
  "W": 256,
  "img_shape": [
    1,
    3,
    256,
    256
  ],
  "mu_shape": [
    1,
    48,
    1,
    16,
    16
  ],
  "mu_mean": -0.044378411024808884,
  "mu_std": 0.8439361453056335,
  "mu_absmean": 0.6887335181236267
}