{
  "height": 1024,
  "width": 1024,
  "num_steps": 8,
  "mu": 0.5,
  "std": 1.0,
  "known_resolution": [
    512,
    512
  ],
  "schedule_mean": 1.1931471805599454,
  "logsnr_min": -15.0,
  "logsnr_max": 18.0,
  "step_intervals": [
    0.0,
    0.125,
    0.25,
    0.375,
    0.5,
    0.625,
    0.75,
    0.875,
    1.0
  ],
  "schedule_values": [
    0.999447226524353,
    0.4893021881580353,
    0.3731662333011627,
    0.29431718587875366,
    0.232696533203125,
    0.18067418038845062,
    0.13381539285182953,
    0.08758409321308136,
    0.00012339458044152707
  ]
}